Time,Speed_kmh,SOC_%,Temp_C,Torque_Nm,RPM,Throttle_%,Brake_%,Mode,G_Force,Distance_km,CAN_ID
01:14:55,0,100,30,0,0,0.0,0.0,ECO,0.0,0.0,0x120
01:14:56,0,100,30,0,0,0.0,0.0,ECO,0.0,0.0,0x120
01:14:57,0,100,30,0,0,0.0,0.0,ECO,0.0,0.0,0x120
01:14:58,0,100,30,0,0,0.0,0.0,ECO,0.0,0.0,0x120
01:14:59,0,100,30,0,0,0.0,0.0,ECO,0.0,0.0,0x120
01:15:00,0,100,30,0,0,0.0,0.0,ECO,0.0,0.0,0x120
01:15:01,0,100,30,0,0,0.0,0.0,ECO,0.0,0.0,0x120
01:15:02,0,100.0,30.0,0.0,0,0.0,0.0,ECO,0.0,0.0,0x120
01:15:03,0,100.0,30.01,0.0,0,0.0,0.0,ECO,0.0,0.0,0x120
01:15:04,0,100.0,30.02,0.0,0,0.0,0.0,ECO,0.0,0.0,0x120
01:15:05,0,100.0,30.03,0.0,0,0.0,0.0,ECO,0.0,0.0,0x120
01:15:06,0,100.0,30.04,0.0,0,0.0,0.0,ECO,0.0,0.0,0x120
01:15:07,0,100.0,30.05,0.0,0,0.0,0.0,ECO,0.0,0.0,0x120
01:15:08,0,100.0,30.06,0.0,0,0.0,0.0,ECO,0.0,0.0,0x120
01:15:09,0,100.0,30.07,0.0,0,0.0,0.0,ECO,0.0,0.0,0x120
01:15:10,0,100.0,30.08,0.0,0,0.0,0.0,ECO,0.0,0.0,0x120
01:15:11,0,100.0,30.09,0.0,0,0.0,0.0,ECO,0.0,0.0,0x120
01:15:12,0,100.0,30.1,0.0,0,0.0,0.0,ECO,0.0,0.0,0x120
01:15:13,0,100.0,30.11,0.0,0,0.0,0.0,ECO,0.0,0.0,0x120
01:15:14,0.39,99.99,30.16,13.2,34,11.0,0.0,ECO,0.022,0.0,0x120
01:15:15,1.67,99.96,30.28,22.6,150,18.8,0.0,ECO,0.037,0.0,0x120
01:15:16,3.35,99.92,30.43,31.2,301,26.0,0.0,ECO,0.051,0.001,0x120
01:15:17,5.78,99.86,30.65,65.5,520,36.4,0.0,NORMAL,0.072,0.003,0x120
01:15:18,8.31,99.8,30.88,64.3,747,35.7,0.0,NORMAL,0.071,0.005,0x120
01:15:19,9.74,99.75,31.1,64.3,876,35.7,17.9,NORMAL,0.153,0.007,0x120
01:15:20,9.2,99.69,31.33,64.3,827,35.7,25.3,NORMAL,0.218,0.01,0x120
01:15:21,8.66,99.63,31.55,64.3,779,35.7,25.3,NORMAL,0.218,0.013,0x120
01:15:22,10.14,99.57,31.77,64.3,913,35.7,0.0,NORMAL,0.071,0.015,0x120
01:15:23,12.64,99.52,32.0,64.3,1138,35.7,0.0,NORMAL,0.071,0.018,0x120
01:15:24,15.14,99.46,32.22,64.3,1363,35.7,0.0,NORMAL,0.071,0.023,0x120
01:15:25,17.64,99.4,32.45,64.3,1588,35.7,0.0,NORMAL,0.071,0.027,0x120
01:15:26,20.14,99.34,32.67,64.3,1813,35.7,0.0,NORMAL,0.071,0.033,0x120
01:15:27,22.64,99.29,32.9,64.3,2038,35.7,0.0,NORMAL,0.071,0.039,0x120
01:15:28,25.14,99.23,33.12,64.3,2263,35.7,0.0,NORMAL,0.071,0.046,0x120
01:15:29,27.64,99.17,33.34,64.3,2488,35.7,0.0,NORMAL,0.071,0.053,0x120
01:15:30,29.1,99.14,33.48,7.0,2618,5.8,0.0,ECO,0.012,0.061,0x120
01:15:31,29.12,99.14,33.49,0.0,2620,0.0,0.0,ECO,0.0,0.069,0x120
01:15:32,29.12,99.14,33.5,0.0,2620,0.0,0.0,ECO,0.0,0.077,0x120
01:15:33,29.12,99.14,33.51,0.0,2620,0.0,0.0,ECO,0.0,0.085,0x120
01:15:34,26.84,99.14,33.41,0,2415,0.0,0.0,ECO,0.063,0.085,0x120
01:15:35,24.73,99.15,33.31,0,2226,0.0,0.0,ECO,0.058,0.085,0x120
01:15:36,22.8,99.31,33.23,0,2051,0.0,0.0,ECO,0.054,0.085,0x120
01:15:37,21.01,99.39,33.14,0,1890,0.0,0.0,ECO,0.05,0.085,0x120
01:15:38,19.36,99.48,33.05,0,1742,0.0,0.0,ECO,0.046,0.085,0x120
01:15:39,17.84,99.56,32.96,0,1605,0.0,0.0,ECO,0.042,0.085,0x120
01:15:40,16.44,99.57,32.86,0,1479,0.0,0.0,ECO,0.039,0.085,0x120
01:15:41,15.16,99.57,32.76,0,1363,0.0,0.0,ECO,0.036,0.085,0x120
01:15:42,13.97,99.57,32.66,0,1257,0.0,0.0,ECO,0.033,0.085,0x120
01:15:43,12.87,99.57,71.9,0,1158,0.0,0.0,ECO,0.03,0.085,0x120
01:15:44,11.86,99.58,71.9,0,1067,0.0,0.0,ECO,0.028,0.085,0x120
01:15:45,10.93,99.58,71.8,0,983,0.0,0.0,ECO,0.026,0.085,0x120
01:15:46,0,100,30,0,0,0.0,0.0,ECO,0.0,0,0x120
01:15:48,0,100,30,0,0,0.0,0.0,ECO,0.0,0,0x120
01:15:49,0,100,30,0,0,0.0,0.0,ECO,0.0,0,0x120
01:15:50,0,100,30,0,0,0.0,0.0,ECO,0.0,0,0x120
01:15:51,0,100,30,0,0,0.0,0.0,ECO,0.0,0,0x120
01:15:52,0,100,30,0,0,0.0,0.0,ECO,0.0,0,0x120
01:15:53,0,100,30,0,0,0.0,0.0,ECO,0.0,0,0x120
01:15:54,0,100,30,0,0,0.0,0.0,ECO,0.0,0,0x120
01:15:55,0,100,30,0,0,0.0,0.0,ECO,0.0,0,0x120
01:15:56,0,100,30,0,0,0.0,0.0,ECO,0.0,0,0x120
01:15:57,0,100,30,0,0,0.0,0.0,ECO,0.0,0,0x120
01:15:58,0,100,30,0,0,0.0,0.0,ECO,0.0,0,0x120
01:15:59,0,100,30,0,0,0.0,0.0,ECO,0.0,0,0x120
01:16:00,0,100,30,0,0,0.0,0.0,ECO,0.0,0,0x120
01:16:01,0,100,30,0,0,0.0,0.0,ECO,0.0,0,0x120
01:16:02,0,100,30,0,0,0.0,0.0,ECO,0.0,0,0x120
01:16:03,0,100,30,0,0,0.0,0.0,ECO,0.0,0,0x120
01:16:04,0,100,30,0,0,0.0,0.0,ECO,0.0,0,0x120
01:16:05,0,100,30,0,0,0.0,0.0,ECO,0.0,0,0x120
01:16:06,0,100,30,0,0,0.0,0.0,ECO,0.0,0,0x120
01:16:07,0,100,30,0,0,0.0,0.0,ECO,0.0,0,0x120
01:16:08,0,100,30,0,0,0.0,0.0,ECO,0.0,0,0x120
01:16:09,0,100,30,0,0,0.0,0.0,ECO,0.0,0,0x120
01:16:10,0,100,30,0,0,0.0,0.0,ECO,0.0,0,0x120
01:16:11,0,100,30,0,0,0.0,0.0,ECO,0.0,0,0x120
01:16:12,0,100,30,0,0,0.0,0.0,ECO,0.0,0,0x120
01:16:13,0,100,30,0,0,0.0,0.0,ECO,0.0,0,0x120
01:16:14,0,100,30,0,0,0.0,0.0,ECO,0.0,0,0x120
01:16:15,0,100,30,0,0,0.0,0.0,ECO,0.0,0,0x120
01:16:16,0,100,30,0,0,0.0,0.0,ECO,0.0,0,0x120
01:16:17,0,100,30,0,0,0.0,0.0,ECO,0.0,0,0x120
01:16:18,0,100,30,0,0,0.0,0.0,ECO,0.0,0,0x120
01:16:19,0,100,30,0,0,0.0,0.0,ECO,0.0,0,0x120
01:16:20,0,100,30,0,0,0.0,0.0,ECO,0.0,0,0x120
01:16:21,0,100,30,0,0,0.0,0.0,ECO,0.0,0,0x120
01:16:22,0,100,30,0,0,0.0,0.0,ECO,0.0,0,0x120
01:16:23,0,100,30,0,0,0.0,0.0,ECO,0.0,0,0x120
01:16:24,0,100,30,0,0,0.0,0.0,ECO,0.0,0,0x120
01:16:25,0,100,30,0,0,0.0,0.0,ECO,0.0,0,0x120
01:16:26,0,100,30,0,0,0.0,0.0,ECO,0.0,0,0x120
01:16:27,0,100,30,0,0,0.0,0.0,ECO,0.0,0,0x120
01:16:28,0,100,30,0,0,0.0,0.0,ECO,0.0,0,0x120
01:16:29,0,100,30,0,0,0.0,0.0,ECO,0.0,0,0x120
01:16:30,0,100,30,0,0,0.0,0.0,ECO,0.0,0,0x120
01:16:31,0,100,30,0,0,0.0,0.0,ECO,0.0,0,0x120
01:16:32,0,100,30,0,0,0.0,0.0,ECO,0.0,0,0x120
01:16:33,0,100,30,0,0,0.0,0.0,ECO,0.0,0,0x120
01:16:34,0,100,30,0,0,0.0,0.0,ECO,0.0,0,0x120
01:16:35,0,100,30,0,0,0.0,0.0,ECO,0.0,0,0x120
01:16:36,0,100,30,0,0,0.0,0.0,ECO,0.0,0,0x120
01:16:37,0,100,30,0,0,0.0,0.0,ECO,0.0,0,0x120
01:16:38,0,100,30,0,0,0.0,0.0,ECO,0.0,0,0x120
01:16:39,0,100,30,0,0,0.0,0.0,ECO,0.0,0,0x120
01:16:40,0,100,30,0,0,0.0,0.0,ECO,0.0,0,0x120
01:16:41,0,100,30,0,0,0.0,0.0,ECO,0.0,0,0x120
01:16:42,0,100,30,0,0,0.0,0.0,ECO,0.0,0,0x120
01:16:43,0,100,30,0,0,0.0,0.0,ECO,0.0,0,0x120
01:16:44,0,100,30,0,0,0.0,0.0,ECO,0.0,0,0x120
01:16:45,0,100,30,0,0,0.0,0.0,ECO,0.0,0,0x120
01:16:46,0,100,30,0,0,0.0,0.0,ECO,0.0,0,0x120
01:16:47,0,100,30,0,0,0.0,0.0,ECO,0.0,0,0x120
01:16:49,0,100,30,0,0,0.0,0.0,ECO,0.0,0,0x120
01:16:50,0,100,30,0,0,0.0,0.0,ECO,0.0,0,0x120
01:16:51,0,100,30,0,0,0.0,0.0,ECO,0.0,0,0x120
01:16:52,0,100,30,0,0,0.0,0.0,ECO,0.0,0,0x120
01:16:53,0,100,30,0,0,0.0,0.0,ECO,0.0,0,0x120
01:16:54,0,100,30,0,0,0.0,0.0,ECO,0.0,0,0x120
01:16:55,0,100,30,0,0,0.0,0.0,ECO,0.0,0,0x120
01:16:56,0,100,30,0,0,0.0,0.0,ECO,0.0,0,0x120
01:16:57,0,100,30,0,0,0.0,0.0,ECO,0.0,0,0x120
01:16:58,0,100,30,0,0,0.0,0.0,ECO,0.0,0,0x120
01:16:59,0,100,30,0,0,0.0,0.0,ECO,0.0,0,0x120
01:17:00,0,100,30,0,0,0.0,0.0,ECO,0.0,0,0x120
01:17:01,0,100,30,0,0,0.0,0.0,ECO,0.0,0,0x120
01:17:02,0,100,30,0,0,0.0,0.0,ECO,0.0,0,0x120
01:17:03,0,100,30,0,0,0.0,0.0,ECO,0.0,0,0x120
01:17:04,0,100,30,0,0,0.0,0.0,ECO,0.0,0,0x120
01:17:05,0,100,30,0,0,0.0,0.0,ECO,0.0,0,0x120
01:17:06,0,100,30,0,0,0.0,0.0,ECO,0.0,0,0x120
01:17:07,0,100,30,0,0,0.0,0.0,ECO,0.0,0,0x120
01:17:08,0,100,30,0,0,0.0,0.0,ECO,0.0,0,0x120
01:17:09,0,100,30,0,0,0.0,0.0,ECO,0.0,0,0x120
01:17:10,0,100,30,0,0,0.0,0.0,ECO,0.0,0,0x120
01:17:11,0,100,30,0,0,0.0,0.0,ECO,0.0,0,0x120
01:17:12,0,100,30,0,0,0.0,0.0,ECO,0.0,0,0x120
01:17:13,0,100,30,0,0,0.0,0.0,ECO,0.0,0,0x120
01:17:14,0,100,30,0,0,0.0,0.0,ECO,0.0,0,0x120
01:17:15,0,100,30,0,0,0.0,0.0,ECO,0.0,0,0x120
01:17:16,0,100,30,0,0,0.0,0.0,ECO,0.0,0,0x120
01:17:17,0,100,30,0,0,0.0,0.0,ECO,0.0,0,0x120
01:17:18,0,100,30,0,0,0.0,0.0,ECO,0.0,0,0x120
01:17:19,0,100,30,0,0,0.0,0.0,ECO,0.0,0,0x120
01:17:20,0,100,30,0,0,0.0,0.0,ECO,0.0,0,0x120
01:17:21,0,100,30,0,0,0.0,0.0,ECO,0.0,0,0x120
01:17:22,0,100,30,0,0,0.0,0.0,ECO,0.0,0,0x120
01:17:23,0,100,30,0,0,0.0,0.0,ECO,0.0,0,0x120
01:17:24,0,100,30,0,0,0.0,0.0,ECO,0.0,0,0x120
01:17:25,0,100,30,0,0,0.0,0.0,ECO,0.0,0,0x120
01:17:26,0,100,30,0,0,0.0,0.0,ECO,0.0,0,0x120
01:17:27,0,100,30,0,0,0.0,0.0,ECO,0.0,0,0x120
01:17:28,0,100,30,0,0,0.0,0.0,ECO,0.0,0,0x120
01:17:29,0,100,30,0,0,0.0,0.0,ECO,0.0,0,0x120
01:17:30,0,100,30,0,0,0.0,0.0,ECO,0.0,0,0x120
01:17:31,0,100,30,0,0,0.0,0.0,ECO,0.0,0,0x120
01:17:32,0,100,30,0,0,0.0,0.0,ECO,0.0,0,0x120
01:17:33,0,100,30,0,0,0.0,0.0,ECO,0.0,0,0x120
01:17:34,0,100,30,0,0,0.0,0.0,ECO,0.0,0,0x120
01:17:36,0,100,30,0,0,0.0,0.0,ECO,0.0,0,0x120
01:17:37,0,100,30,0,0,0.0,0.0,ECO,0.0,0,0x120
01:17:38,0,100,30,0,0,0.0,0.0,ECO,0.0,0,0x120
01:17:39,0,100,30,0,0,0.0,0.0,ECO,0.0,0,0x120
01:17:40,0,100,30,0,0,0.0,0.0,ECO,0.0,0,0x120
01:17:41,0,100,30,0,0,0.0,0.0,ECO,0.0,0,0x120
01:17:42,0,100,30,0,0,0.0,0.0,ECO,0.0,0,0x120
01:17:43,0,100,30,0,0,0.0,0.0,ECO,0.0,0,0x120
01:17:44,0,100,30,0,0,0.0,0.0,ECO,0.0,0,0x120
01:17:45,0,100,30,0,0,0.0,0.0,ECO,0.0,0,0x120
01:17:46,0,100,30,0,0,0.0,0.0,ECO,0.0,0,0x120
01:17:47,0,100,30,0,0,0.0,0.0,ECO,0.0,0,0x120
01:17:48,0,100,30,0,0,0.0,0.0,ECO,0.0,0,0x120
01:17:49,0,100,30,0,0,0.0,0.0,ECO,0.0,0,0x120
01:17:50,0,100,30,0,0,0.0,0.0,ECO,0.0,0,0x120
01:17:51,0,100,30,0,0,0.0,0.0,ECO,0.0,0,0x120
01:17:52,0,100,30,0,0,0.0,0.0,ECO,0.0,0,0x120
01:17:53,0,100,30,0,0,0.0,0.0,ECO,0.0,0,0x120
01:17:54,0,100,30,0,0,0.0,0.0,ECO,0.0,0,0x120
01:17:55,0,100,30,0,0,0.0,0.0,ECO,0.0,0,0x120
01:17:56,0,100,30,0,0,0.0,0.0,ECO,0.0,0,0x120
01:17:57,0,100,30,0,0,0.0,0.0,ECO,0.0,0,0x120
01:17:58,0,100,30,0,0,0.0,0.0,ECO,0.0,0,0x120
01:17:59,0,100,30,0,0,0.0,0.0,ECO,0.0,0,0x120
01:18:00,0,100,30,0,0,0.0,0.0,ECO,0.0,0,0x120
01:18:01,0,100,30,0,0,0.0,0.0,ECO,0.0,0,0x120
01:18:02,0,100,30,0,0,0.0,0.0,ECO,0.0,0,0x120
01:18:03,0,100,30,0,0,0.0,0.0,ECO,0.0,0,0x120
01:18:04,0,100,30,0,0,0.0,0.0,ECO,0.0,0,0x120
01:18:05,0,100,30,0,0,0.0,0.0,ECO,0.0,0,0x120
01:18:06,0,100,30,0,0,0.0,0.0,ECO,0.0,0,0x120
01:18:07,0,100,30,0,0,0.0,0.0,ECO,0.0,0,0x120
01:18:08,0,100,30,0,0,0.0,0.0,ECO,0.0,0,0x120
01:18:09,0,100,30,0,0,0.0,0.0,ECO,0.0,0,0x120
01:18:10,0,100,30,0,0,0.0,0.0,ECO,0.0,0,0x120
01:18:11,0,100,30,0,0,0.0,0.0,ECO,0.0,0,0x120
01:18:12,0,100,30,0,0,0.0,0.0,ECO,0.0,0,0x120
01:18:13,0,100,30,0,0,0.0,0.0,ECO,0.0,0,0x120
01:18:14,0,100,30,0,0,0.0,0.0,ECO,0.0,0,0x120
01:18:15,0,100,30,0,0,0.0,0.0,ECO,0.0,0,0x120
01:18:16,0,100,30,0,0,0.0,0.0,ECO,0.0,0,0x120
01:18:17,0,100,30,0,0,0.0,0.0,ECO,0.0,0,0x120
01:18:18,0,100,30,0,0,0.0,0.0,ECO,0.0,0,0x120
01:18:19,0,100,30,0,0,0.0,0.0,ECO,0.0,0,0x120
01:18:20,0,100,30,0,0,0.0,0.0,ECO,0.0,0,0x120
01:18:21,0,100,30,0,0,0.0,0.0,ECO,0.0,0,0x120
01:18:22,0,100,30,0,0,0.0,0.0,ECO,0.0,0,0x120
01:18:23,0,100,30,0,0,0.0,0.0,ECO,0.0,0,0x120
01:18:24,0,100,30,0,0,0.0,0.0,ECO,0.0,0,0x120
01:18:25,0,100,30,0,0,0.0,0.0,ECO,0.0,0,0x120
01:18:26,0,100,30,0,0,0.0,0.0,ECO,0.0,0,0x120
01:18:27,0,100,30,0,0,0.0,0.0,ECO,0.0,0,0x120
01:18:28,0,100,30,0,0,0.0,0.0,ECO,0.0,0,0x120
01:18:29,0,100,30,0,0,0.0,0.0,ECO,0.0,0,0x120
01:18:30,0,100,30,0,0,0.0,0.0,ECO,0.0,0,0x120
01:18:31,0,100,30,0,0,0.0,0.0,ECO,0.0,0,0x120
01:18:32,0,100,30,0,0,0.0,0.0,ECO,0.0,0,0x120
01:18:33,0,100,30,0,0,0.0,0.0,ECO,0.0,0,0x120
01:18:34,0,100,30,0,0,0.0,0.0,ECO,0.0,0,0x120
01:18:35,0,100,30,0,0,0.0,0.0,ECO,0.0,0,0x120
01:18:36,0,100,30,0,0,0.0,0.0,ECO,0.0,0,0x120
01:18:37,0,100,30,0,0,0.0,0.0,ECO,0.0,0,0x120
01:18:38,0,100,30,0,0,0.0,0.0,ECO,0.0,0,0x120
01:18:39,0,100,30,0,0,0.0,0.0,ECO,0.0,0,0x120
01:18:40,0,100,30,0,0,0.0,0.0,ECO,0.0,0,0x120
01:18:41,0,100,30,0,0,0.0,0.0,ECO,0.0,0,0x120
01:18:42,0,100,30,0,0,0.0,0.0,ECO,0.0,0,0x120
01:18:43,0,100,30,0,0,0.0,0.0,ECO,0.0,0,0x120
01:18:45,0,100,30,0,0,0.0,0.0,ECO,0.0,0,0x120
01:18:46,0,100,30,0,0,0.0,0.0,ECO,0.0,0,0x120
01:18:47,0,100,30,0,0,0.0,0.0,ECO,0.0,0,0x120
01:18:48,0,100,30,0,0,0.0,0.0,ECO,0.0,0,0x120
01:18:49,0,100,30,0,0,0.0,0.0,ECO,0.0,0,0x120
01:18:50,0,100,30,0,0,0.0,0.0,ECO,0.0,0,0x120
01:18:51,0,100,30,0,0,0.0,0.0,ECO,0.0,0,0x120
01:18:52,0,100,30,0,0,0.0,0.0,ECO,0.0,0,0x120
01:18:53,0,100,30,0,0,0.0,0.0,ECO,0.0,0,0x120
01:18:54,0,100,30,0,0,0.0,0.0,ECO,0.0,0,0x120
01:18:55,0,100,30,0,0,0.0,0.0,ECO,0.0,0,0x120
01:18:56,0,100,30,0,0,0.0,0.0,ECO,0.0,0,0x120
01:18:57,0,100,30,0,0,0.0,0.0,ECO,0.0,0,0x120
01:18:58,0,100,30,0,0,0.0,0.0,ECO,0.0,0,0x120
01:18:59,0,100,30,0,0,0.0,0.0,ECO,0.0,0,0x120
01:19:00,0,100,30,0,0,0.0,0.0,ECO,0.0,0,0x120
01:19:01,0,100,30,0,0,0.0,0.0,ECO,0.0,0,0x120
01:19:02,0,100,30,0,0,0.0,0.0,ECO,0.0,0,0x120
01:19:03,0,100,30,0,0,0.0,0.0,ECO,0.0,0,0x120
01:19:04,0,100,30,0,0,0.0,0.0,ECO,0.0,0,0x120
01:19:05,0,100,30,0,0,0.0,0.0,ECO,0.0,0,0x120
01:19:06,0,100,30,0,0,0.0,0.0,ECO,0.0,0,0x120
01:19:07,0,100,30,0,0,0.0,0.0,ECO,0.0,0,0x120
01:19:08,0,100,30,0,0,0.0,0.0,ECO,0.0,0,0x120
01:19:09,0,100,30,0,0,0.0,0.0,ECO,0.0,0,0x120
01:19:10,0,100,30,0,0,0.0,0.0,ECO,0.0,0,0x120
01:19:11,0,100,30,0,0,0.0,0.0,ECO,0.0,0,0x120
01:19:12,0,100,30,0,0,0.0,0.0,ECO,0.0,0,0x120
01:19:13,0,100,30,0,0,0.0,0.0,ECO,0.0,0,0x120
01:19:14,0,100,30,0,0,0.0,0.0,ECO,0.0,0,0x120
01:19:15,0,100,30,0,0,0.0,0.0,ECO,0.0,0,0x120
01:19:16,0,100,30,0,0,0.0,0.0,ECO,0.0,0,0x120
01:19:17,0,100,30,0,0,0.0,0.0,ECO,0.0,0,0x120
01:19:18,0,100,30,0,0,0.0,0.0,ECO,0.0,0,0x120
01:19:19,0,100,30,0,0,0.0,0.0,ECO,0.0,0,0x120
01:19:20,0,100,30,0,0,0.0,0.0,ECO,0.0,0,0x120
01:19:21,0,100,30,0,0,0.0,0.0,ECO,0.0,0,0x120
01:19:22,0,100,30,0,0,0.0,0.0,ECO,0.0,0,0x120
01:19:23,0,100,30,0,0,0.0,0.0,ECO,0.0,0,0x120
01:19:24,0,100,30,0,0,0.0,0.0,ECO,0.0,0,0x120
01:19:25,0,100,30,0,0,0.0,0.0,ECO,0.0,0,0x120
01:19:26,0,100,30,0,0,0.0,0.0,ECO,0.0,0,0x120
01:19:27,0,100,30,0,0,0.0,0.0,ECO,0.0,0,0x120
01:19:28,0,100,30,0,0,0.0,0.0,ECO,0.0,0,0x120
01:19:29,0,100,30,0,0,0.0,0.0,ECO,0.0,0,0x120
01:19:30,0,100,30,0,0,0.0,0.0,ECO,0.0,0,0x120
01:19:31,0,100,30,0,0,0.0,0.0,ECO,0.0,0,0x120
01:19:32,0,100,30,0,0,0.0,0.0,ECO,0.0,0,0x120
01:19:33,0,100,30,0,0,0.0,0.0,ECO,0.0,0,0x120
01:19:34,0,100,30,0,0,0.0,0.0,ECO,0.0,0,0x120
01:19:35,0,100,30,0,0,0.0,0.0,ECO,0.0,0,0x120
01:19:36,0,100,30,0,0,0.0,0.0,ECO,0.0,0,0x120
01:19:37,0,100,30,0,0,0.0,0.0,ECO,0.0,0,0x120
01:19:39,0,100,30,0,0,0.0,0.0,ECO,0.0,0,0x120
01:19:40,0,100,30,0,0,0.0,0.0,ECO,0.0,0,0x120
01:19:41,0,100,30,0,0,0.0,0.0,ECO,0.0,0,0x120
01:19:42,0,100,30,0,0,0.0,0.0,ECO,0.0,0,0x120
01:19:43,0,100,30,0,0,0.0,0.0,ECO,0.0,0,0x120
01:19:44,0,100,30,0,0,0.0,0.0,ECO,0.0,0,0x120
01:19:45,0,100,30,0,0,0.0,0.0,ECO,0.0,0,0x120
01:19:46,0,100,30,0,0,0.0,0.0,ECO,0.0,0,0x120
01:19:47,0,100,30,0,0,0.0,0.0,ECO,0.0,0,0x120
01:19:48,0,100,30,0,0,0.0,0.0,ECO,0.0,0,0x120
01:19:49,0,100,30,0,0,0.0,0.0,ECO,0.0,0,0x120
01:19:50,0,100,30,0,0,0.0,0.0,ECO,0.0,0,0x120
01:19:51,0,100,30,0,0,0.0,0.0,ECO,0.0,0,0x120
01:19:52,0,100,30,0,0,0.0,0.0,ECO,0.0,0,0x120
01:19:53,0,100,30,0,0,0.0,0.0,ECO,0.0,0,0x120
01:19:54,0,100,30,0,0,0.0,0.0,ECO,0.0,0,0x120
01:19:55,0,100,30,0,0,0.0,0.0,ECO,0.0,0,0x120
01:19:56,0,100,30,0,0,0.0,0.0,ECO,0.0,0,0x120
